key,en,cs,target,notes,status
app.title,VetBara,VetBara,VetBara,Target intentionally blank for reviewer translation.,needs_review
app.subtitle,Pilot digital examination workspace,Pilotní digitální zkušební prostředí,Pilot radni prostor za digitalno ispitivanje,Target intentionally blank for reviewer translation.,needs_review
language.label,Language,Jazyk,jezik,Target intentionally blank for reviewer translation.,needs_review
role.centre,Centre,Centrum,Centre,Protected term(s): Centre. Do not translate unless explicitly approved during review.,needs_review
role.candidate,Candidate,Kandidát,Candidate,Protected term(s): Candidate. Do not translate unless explicitly approved during review.,needs_review
role.examiner,Examiner,Zkoušející,Examiner,Protected term(s): Examiner. Do not translate unless explicitly approved during review.,needs_review
scanner.open,Open QR scanner,Otevřít QR skener,otvori QR scanner,Target intentionally blank for reviewer translation.,needs_review
scanner.close,Close scanner,Zavřít skener,Zatvori skener,Target intentionally blank for reviewer translation.,needs_review
pilot.smoke.title,Pilot smoke-test checklist,Kontrolní pilotní smoke-test checklist,Kontrolni popis pilot smoke-testa,Target intentionally blank for reviewer translation.,needs_review
pilot.smoke.subtitle,Use this after each deploy to confirm the pilot workflow still works.,"Použijte po každém nasazení pro ověření, že pilotní workflow stále funguje.",Upotrijebite nakon svakog deploya kako biste potvrdili da pilot tijek rada i dalje funkcionira.,Target intentionally blank for reviewer translation.,needs_review
pilot.smoke.loadCentre,Load Centre Setup,Načíst Centre Setup,ucitaj Centre Setup,"Protected term(s): Centre, Centre Setup. Do not translate unless explicitly approved during review.",needs_review
pilot.smoke.candidatesExaminers,Confirm candidates and examiners are visible,"Ověřit, že jsou vidět kandidáti a zkoušející",potvrdi kandidati and ispitivaci are vidljivo,Target intentionally blank for reviewer translation.,needs_review
pilot.smoke.testPackage,Import or verify test package,Importovat nebo ověřit testový balíček,uvezi or verify test paket,Target intentionally blank for reviewer translation.,needs_review
pilot.smoke.candidateQr,Open Candidate QR and save a written test answer,Otevřít Candidate QR a uložit odpověď ve written test,otvori Candidate QR and spremi a Pismeni test odgovor,"Protected term(s): Candidate, Candidate QR. Do not translate unless explicitly approved during review.",needs_review
pilot.smoke.report,"For Consulting Candidate, save report draft and pilot/archive placeholder",U Consulting kandidáta uložit návrh reportu a pilot/archive placeholder,"For Consulting Candidate, spremi izvjestaj nacrt and pilot/archive placeholder","Protected term(s): Candidate, Consulting, pilot/archive placeholder. Do not translate unless explicitly approved during review.",needs_review
pilot.smoke.examinerQr,Open Examiner QR and save outdoor score and note,Otevřít Examiner QR a uložit outdoor skóre a poznámku,otvori Examiner QR and spremi outdoor score and note,"Protected term(s): Examiner, Examiner QR. Do not translate unless explicitly approved during review.",needs_review
pilot.smoke.preview,Load Evaluation Preview,Načíst Evaluation Preview,ucitaj Pretpregled evaluacije,Target intentionally blank for reviewer translation.,needs_review
pilot.smoke.draftExport,Download Draft Export,Stáhnout Draft Export,preuzmi Draft Export,Protected term(s): Draft Export. Do not translate unless explicitly approved during review.,needs_review
pilot.smoke.auditExport,Download Centre Audit Package,Stáhnout Centre Audit Package,preuzmi Centre Audit Package,"Protected term(s): Centre, Centre Audit Package. Do not translate unless explicitly approved during review.",needs_review
pilot.release.title,Pilot release notes,Poznámky k pilotní verzi,Biljeske pilot izdanja,Target intentionally blank for reviewer translation.,needs_review
pilot.release.subtitle,This panel describes the pilot prototype scope. It is not the official VETcert certification output.,Tento panel popisuje rozsah pilotního prototypu. Nejde o oficiální certifikační výstup VETcert.,This panel describes the pilot prototype scope. It is not the official VETcert certification output.,Target intentionally blank for reviewer translation.,needs_review
pilot.release.available,Available in this pilot,Dostupné v tomto pilotu,dostupno in this pilot,Target intentionally blank for reviewer translation.,needs_review
pilot.release.notIncluded,Not included yet,Zatím není zahrnuto,Not included yet,Target intentionally blank for reviewer translation.,needs_review
help.candidate.title,Candidate quick help,Rychlá nápověda pro kandidáta,Candidate quick help,Protected term(s): Candidate. Do not translate unless explicitly approved during review.,needs_review
help.candidate.qr,Scan your personal Candidate QR issued by the Centre.,Naskenujte svůj osobní Candidate QR vydaný Centrem.,skeniraj your personal Candidate QR issued by the Centre.,"Protected term(s): Candidate, Centre, Candidate QR. Do not translate unless explicitly approved during review.",needs_review
help.candidate.identity,Confirm your identity before opening sections.,Před otevřením sekcí potvrďte svou identitu.,potvrdi your identitet before opening odjeljci.,Target intentionally blank for reviewer translation.,needs_review
help.candidate.autosave,Written test answers autosave to the sync queue.,Odpovědi ve written test se automaticky ukládají do sync queue.,Pismeni test odgovori autosave to the sync queue.,Protected term(s): sync queue. Do not translate unless explicitly approved during review.,needs_review
help.candidate.photos,"Consulting report photo entries are pilot/archive placeholders, not real uploads yet.","Foto položky v Consulting reportu jsou zatím pilot/archive placeholders, nejde o skutečný upload.","Consulting izvjestaj photo entries are pilot/archive placeholders, not real uploads yet.","Protected term(s): Consulting, pilot/archive placeholder. Do not translate unless explicitly approved during review.",needs_review
help.candidate.ask,"If something looks wrong, ask Centre staff before final submit.","Pokud něco vypadá špatně, před finálním odesláním se zeptejte personálu Centra.","If something looks wrong, ask Centre staff before final posalji.",Protected term(s): Centre. Do not translate unless explicitly approved during review.,needs_review
help.examiner.title,Examiner quick help,Rychlá nápověda pro zkoušejícího,Examiner quick help,Protected term(s): Examiner. Do not translate unless explicitly approved during review.,needs_review
help.examiner.qr,Scan your personal Examiner QR issued by the Centre.,Naskenujte svůj osobní Examiner QR vydaný Centrem.,skeniraj your personal Examiner QR issued by the Centre.,"Protected term(s): Examiner, Centre, Examiner QR. Do not translate unless explicitly approved during review.",needs_review
help.examiner.identity,Confirm your identity before opening outdoor forms.,Před otevřením outdoor forms potvrďte svou identitu.,potvrdi your identitet before opening outdoor forms.,Target intentionally blank for reviewer translation.,needs_review
help.examiner.assigned,Only assigned Candidates are shown.,Zobrazují se pouze přiřazení kandidáti.,Only dodijeljeno Candidates are prikazano.,Protected term(s): Candidate. Do not translate unless explicitly approved during review.,needs_review
help.examiner.primary,Primary Examiner completes the full outdoor form; Secondary input is supporting.,Primary Examiner vyplňuje celý outdoor form; Secondary input je podpůrný.,Primary Examiner completes the full outdoor form; Secondary input is pomocno.,Protected term(s): Examiner. Do not translate unless explicitly approved during review.,needs_review
help.examiner.autosave,Scores and notes autosave to the sync queue.,Skóre a poznámky se automaticky ukládají do sync queue.,Scores and notes autosave to the sync queue.,Protected term(s): sync queue. Do not translate unless explicitly approved during review.,needs_review
help.examiner.missing,"If assigned Candidates are missing, ask the Centre to assign and save Centre Setup.","Pokud přiřazení kandidáti chybí, požádejte Centrum o přiřazení a uložení Centre Setup.","If dodijeljeno Candidates are nedostaje, ask the Centre to assign and spremi Centre Setup.","Protected term(s): Candidate, Centre, Centre Setup. Do not translate unless explicitly approved during review.",needs_review
centre.validation.title,Centre Setup checks,Kontroly Centre Setup,Centre Setup checks,"Protected term(s): Centre, Centre Setup. Do not translate unless explicitly approved during review.",needs_review
centre.validation.ready,Ready for pilot smoke test,Připraveno pro pilotní smoke test,spremno for pilot smoke test,Target intentionally blank for reviewer translation.,needs_review
centre.validation.action,Action required before pilot smoke test,Před pilotním smoke testem je potřeba zásah,Action potrebno before pilot smoke test,Target intentionally blank for reviewer translation.,needs_review
centre.validation.helper,Errors should be fixed before distributing QR links. Warnings can be reviewed during pilot preparation.,Chyby je vhodné opravit před distribucí QR odkazů. Varování lze vyhodnotit během přípravy pilotu.,Errors should be fixed before distributing QR links. Warnings can be reviewed during pilot preparation.,Target intentionally blank for reviewer translation.,needs_review
centre.validation.empty,No validation issues. Setup is ready for pilot smoke test.,Žádné validační problémy. Setup je připraven pro pilotní smoke test.,ne validation issues. Setup is spremno for pilot smoke test.,Target intentionally blank for reviewer translation.,needs_review
centre.guardrails.title,Pilot readiness guardrails,Pilotní guardrails připravenosti,Smjernice spremnosti pilota,Target intentionally blank for reviewer translation.,needs_review
centre.guardrails.helper,"These guardrails do not block demo testing, but they should be resolved before a real pilot run.","Tyto guardrails neblokují demo testování, ale před reálným pilotem by měly být vyřešeny.","These guardrails do not block demo testing, but they should be resolved before a real pilot run.",Target intentionally blank for reviewer translation.,needs_review
centre.guardrails.ready,Pilot readiness looks good.,Pilotní připravenost vypadá dobře.,Pilot readiness looks good.,Target intentionally blank for reviewer translation.,needs_review
centre.guardrails.validation,Fix validation errors before distributing QR links.,Opravte validační chyby před distribucí QR odkazů.,Fix validation errors before distributing QR links.,Target intentionally blank for reviewer translation.,needs_review
centre.guardrails.unsaved,Save Centre Setup before distributing QR links.,Uložte Centre Setup před distribucí QR odkazů.,spremi Centre Setup before distributing QR links.,"Protected term(s): Centre, Centre Setup. Do not translate unless explicitly approved during review.",needs_review
centre.guardrails.testPackage,Import/select a test package before written test pilot runs.,Importujte/vyberte testový balíček před pilotním během written test.,uvezi/select a test paket before Pismeni test pilot runs.,Target intentionally blank for reviewer translation.,needs_review
centre.guardrails.backend,Load backend Centre Setup before pilot testing with real users.,Před testováním s reálnými uživateli načtěte backendový Centre Setup.,ucitaj backend Centre Setup before pilot testing with real users.,"Protected term(s): Centre, Centre Setup. Do not translate unless explicitly approved during review.",needs_review
centre.run.title,Pilot run summary,Souhrn pilotního běhu,Sazetak pilot provedbe,Target intentionally blank for reviewer translation.,needs_review
centre.run.helper,Use this summary before sharing Candidate or Examiner QR links.,Použijte tento souhrn před sdílením Candidate QR nebo Examiner QR odkazů.,Use this sazetak before sharing Candidate or Examiner QR links.,"Protected term(s): Candidate, Examiner, Examiner QR. Do not translate unless explicitly approved during review.",needs_review
centre.run.dataMode,Data mode,Datový režim,Data mode,Target intentionally blank for reviewer translation.,needs_review
centre.run.setup,Centre Setup,Centre Setup,Centre Setup,"Protected term(s): Centre, Centre Setup. Do not translate unless explicitly approved during review.",needs_review
centre.run.validation,Validation,Validace,Validation,Target intentionally blank for reviewer translation.,needs_review
centre.run.testPackage,Test package,Testový balíček,Test paket,Target intentionally blank for reviewer translation.,needs_review
centre.run.qrDistribution,QR distribution,Distribuce QR,QR distribution,Target intentionally blank for reviewer translation.,needs_review
centre.run.backend,backend-loaded pilot data,backend-loaded pilot data,backend-loaded pilot data,Protected term(s): backend-loaded pilot data. Do not translate unless explicitly approved during review.,needs_review
centre.run.demo,demo fallback data,demo fallback data,demo fallback data,Protected term(s): demo fallback data. Do not translate unless explicitly approved during review.,needs_review
centre.run.saved,Saved / no local changes,Uloženo / žádné lokální změny,spremljeno / ne lokalno changes,Target intentionally blank for reviewer translation.,needs_review
centre.run.unsaved,Unsaved local changes,Neuložené lokální změny,Unsaved lokalno changes,Target intentionally blank for reviewer translation.,needs_review
centre.run.imported,Imported,Importováno,uvezeno,Target intentionally blank for reviewer translation.,needs_review
centre.run.missing,Missing,Chybí,nedostaje,Target intentionally blank for reviewer translation.,needs_review
centre.run.qrReady,Ready after setup is saved and backend-loaded,Připraveno po uložení setupu a načtení backendových dat,spremno after setup is spremljeno and backend-ucitano,Target intentionally blank for reviewer translation.,needs_review
centre.run.review,Review guardrails,Zkontrolovat guardrails,pregledaj guardrails,Target intentionally blank for reviewer translation.,needs_review
centre.network.title,Network readiness checklist,Kontrola připravenosti sítě,Kontrolni popis spremnosti mreze,Target intentionally blank for reviewer translation.,needs_review
centre.network.helper,Use this before distributing Candidate QR and Examiner QR links during a pilot session.,Použijte před distribucí Candidate QR a Examiner QR odkazů během pilotní zkoušky.,Use this before distributing Candidate QR and Examiner QR links during a pilot session.,"Protected term(s): Candidate, Examiner, Candidate QR, Examiner QR. Do not translate unless explicitly approved during review.",needs_review
centre.network.wifi,Stable Wi-Fi/router is running,Stabilní Wi-Fi/router běží,Stable Wi-Fi/router is running,Target intentionally blank for reviewer translation.,needs_review
centre.network.internet,Internet access works on tablets,Internet na tabletech funguje,Internet access works on tablets,Target intentionally blank for reviewer translation.,needs_review
centre.network.url,Deployed VetBara URL opens on tablets,Nasazená URL VetBara se otevře na tabletech,Deployed VetBara URL opens on tablets,Target intentionally blank for reviewer translation.,needs_review
centre.network.centreQr,Centre QR/session opens,Centre QR/session se otevře,Centre QR/session opens,"Protected term(s): Centre, Centre QR. Do not translate unless explicitly approved during review.",needs_review
centre.network.candidateQr,Candidate QR opens on a tablet,Candidate QR se otevře na tabletu,Candidate QR opens on a tablet,"Protected term(s): Candidate, Candidate QR. Do not translate unless explicitly approved during review.",needs_review
centre.network.examinerQr,Examiner QR opens on a tablet,Examiner QR se otevře na tabletu,Examiner QR opens on a tablet,"Protected term(s): Examiner, Examiner QR. Do not translate unless explicitly approved during review.",needs_review
centre.network.setup,Save/Load Centre Setup tested,Save/Load Centre Setup otestováno,spremi/ucitaj Centre Setup tested,"Protected term(s): Centre, Centre Setup. Do not translate unless explicitly approved during review.",needs_review
centre.network.sync,Sync/Audit panel checked,Sync/Audit panel zkontrolován,Sync/Audit panel checked,Target intentionally blank for reviewer translation.,needs_review
centre.network.export,Export download tested,Stažení exportu otestováno,izvezi preuzmi tested,Target intentionally blank for reviewer translation.,needs_review
qr.title,Centre / QR access pack,Centrum / QR access pack,Centre / QR access pack,Protected term(s): Centre. Do not translate unless explicitly approved during review.,needs_review
qr.subtitle,Give each Candidate or Examiner only their own Candidate QR or Examiner QR link. Backend-loaded QR URLs appear after Load/Save Centre Setup; demo fallback QR links are for local prototype testing only.,Každému kandidátovi nebo zkoušejícímu předejte pouze jeho vlastní Candidate QR nebo Examiner QR odkaz. Backend-loaded QR URL se zobrazí po Load/Save Centre Setup; demo fallback QR odkazy jsou jen pro lokální testování prototypu.,Give each Candidate or Examiner only their own Candidate QR or Examiner QR poveznica. backend-ucitano QR URLs appear after ucitaj/spremi Centre Setup; demo fallback QR links are for lokalno prototype testing only.,"Protected term(s): Candidate, Examiner, Centre, Centre Setup, Candidate QR, Examiner QR. Do not translate unless explicitly approved during review.",needs_review
qr.candidateLinks,Candidate QR links,Candidate QR odkazy,Candidate QR links,"Protected term(s): Candidate, Candidate QR. Do not translate unless explicitly approved during review.",needs_review
qr.examinerLinks,Examiner QR links,Examiner QR odkazy,Examiner QR links,"Protected term(s): Examiner, Examiner QR. Do not translate unless explicitly approved during review.",needs_review
qr.copy,Copy link,Kopírovat odkaz,Kopiraj poveznicu,Target intentionally blank for reviewer translation.,needs_review
qr.candidateBackend,backend-loaded Candidate QR,backend-loaded Candidate QR,backend-ucitano Candidate QR,"Protected term(s): Candidate, Candidate QR. Do not translate unless explicitly approved during review.",needs_review
qr.candidateDemo,demo fallback Candidate QR,demo fallback Candidate QR,demo fallback Candidate QR,"Protected term(s): Candidate, Candidate QR. Do not translate unless explicitly approved during review.",needs_review
qr.examinerBackend,backend-loaded Examiner QR,backend-loaded Examiner QR,backend-ucitano Examiner QR,"Protected term(s): Examiner, Examiner QR. Do not translate unless explicitly approved during review.",needs_review
qr.examinerDemo,demo fallback Examiner QR,demo fallback Examiner QR,demo fallback Examiner QR,"Protected term(s): Examiner, Examiner QR. Do not translate unless explicitly approved during review.",needs_review
common.scanQr,Scan QR,Skenovat QR,skeniraj QR,Target intentionally blank for reviewer translation.,needs_review
common.loggedIn,Logged in,Přihlášeno,Logged in,Target intentionally blank for reviewer translation.,needs_review
common.logout,Logout,Odhlásit,Logout,Target intentionally blank for reviewer translation.,needs_review
candidate.view.title,Candidate / Tablet login and workspace,Kandidát / Přihlášení na tabletu a pracovní prostor,Candidate / tablet login and workspace,Protected term(s): Candidate. Do not translate unless explicitly approved during review.,needs_review
candidate.view.subtitle,"Candidate opens only their own QR workspace, confirms identity, then completes each exam section.","Kandidát otevře pouze svůj vlastní QR pracovní prostor, potvrdí identitu a poté dokončí jednotlivé části zkoušky.","Candidate opens only their own QR workspace, confirms identitet, then completes each exam odjeljak.",Protected term(s): Candidate. Do not translate unless explicitly approved during review.,needs_review
candidate.qrAccess.title,Candidate QR access,Přístup přes Candidate QR,Candidate QR access,"Protected term(s): Candidate, Candidate QR. Do not translate unless explicitly approved during review.",needs_review
candidate.qrAccess.helper,Scan the personal QR issued by the Centre. This portal only shows the current Candidate workspace.,Naskenujte osobní QR vydaný Centrem. Tento portál zobrazuje pouze aktuální pracovní prostor kandidáta.,skeniraj the personal QR issued by the Centre. This portal only shows the current Candidate workspace.,"Protected term(s): Candidate, Centre. Do not translate unless explicitly approved during review.",needs_review
candidate.empty,No Candidate is logged in. Scan the personal Candidate QR issued by the Centre.,Není přihlášen žádný kandidát. Naskenujte osobní Candidate QR vydaný Centrem.,ne Candidate is logged in. skeniraj the personal Candidate QR issued by the Centre.,"Protected term(s): Candidate, Centre, Candidate QR. Do not translate unless explicitly approved during review.",needs_review
examiner.view.title,Examiner / Landing page and Outdoor exercises,Zkoušející / Úvodní stránka a outdoor cvičení,Examiner / Landing page and outdoor exercises,Protected term(s): Examiner. Do not translate unless explicitly approved during review.,needs_review
examiner.view.subtitle,"Examiner logs in, confirms identity, sees assigned candidates and opens outdoor forms.","Zkoušející se přihlásí, potvrdí identitu, vidí přiřazené kandidáty a otevírá outdoor formuláře.","Examiner logs in, confirms identitet, sees dodijeljeno kandidati and opens outdoor forms.",Protected term(s): Examiner. Do not translate unless explicitly approved during review.,needs_review
examiner.qrAccess.title,Examiner QR access,Přístup přes Examiner QR,Examiner QR access,"Protected term(s): Examiner, Examiner QR. Do not translate unless explicitly approved during review.",needs_review
examiner.qrAccess.helper,Scan the personal Examiner QR issued by the Centre. This portal only shows assigned Candidate work.,Naskenujte osobní Examiner QR vydaný Centrem. Tento portál zobrazuje pouze přiřazenou práci kandidátů.,skeniraj the personal Examiner QR issued by the Centre. This portal only shows dodijeljeno Candidate work.,"Protected term(s): Candidate, Examiner, Centre, Examiner QR. Do not translate unless explicitly approved during review.",needs_review
examiner.empty,No Examiner is logged in. Scan the personal Examiner QR issued by the Centre.,Není přihlášen žádný zkoušející. Naskenujte osobní Examiner QR vydaný Centrem.,ne Examiner is logged in. skeniraj the personal Examiner QR issued by the Centre.,"Protected term(s): Examiner, Centre, Examiner QR. Do not translate unless explicitly approved during review.",needs_review
candidate.identity.title,Confirm identity,Potvrzení identity,Potvrdi identitet,Target intentionally blank for reviewer translation.,needs_review
candidate.identity.helper,Check your name and document details before opening exam sections.,Před otevřením částí zkoušky zkontrolujte své jméno a údaje dokladu.,Check your ime and dokument details before opening exam odjeljci.,Target intentionally blank for reviewer translation.,needs_review
candidate.identity.confirm,Confirm identity,Potvrdit identitu,Potvrdi identitet,Target intentionally blank for reviewer translation.,needs_review
candidate.sections.title,Exam sections,Části zkoušky,Exam odjeljci,Target intentionally blank for reviewer translation.,needs_review
candidate.sections.open,Open section,Otevřít část,otvori odjeljak,Target intentionally blank for reviewer translation.,needs_review
candidate.sections.reopen,Reopen section,Znovu otevřít část,Reopen odjeljak,Target intentionally blank for reviewer translation.,needs_review
candidate.sections.closed,Closed,Uzavřeno,Closed,Target intentionally blank for reviewer translation.,needs_review
candidate.sections.opened,Open,Otevřeno,otvori,Target intentionally blank for reviewer translation.,needs_review
candidate.sections.locked,Locked,Zamčeno,Locked,Target intentionally blank for reviewer translation.,needs_review
test.title,Written test,Písemný test,Pismeni test,Target intentionally blank for reviewer translation.,needs_review
test.helper,Answer the questions for the selected variant. Answers are saved to the sync queue.,Odpovězte na otázky vybrané varianty. Odpovědi se ukládají do sync queue.,odgovor the pitanja for the odabrano varijanta. odgovori are spremljeno to the sync queue.,Protected term(s): sync queue. Do not translate unless explicitly approved during review.,needs_review
test.noQuestions,No written test questions are available for this variant.,Pro tuto variantu nejsou dostupné žádné otázky písemného testu.,ne Pismeni test pitanja are dostupno for this varijanta.,Target intentionally blank for reviewer translation.,needs_review
test.answer,Answer,Odpověď,odgovor,Target intentionally blank for reviewer translation.,needs_review
test.save,Save answer,Uložit odpověď,spremi odgovor,Target intentionally blank for reviewer translation.,needs_review
test.submit,Submit and close written test,Odeslat a uzavřít písemný test,posalji and zatvori Pismeni test,Target intentionally blank for reviewer translation.,needs_review
test.back,Back to sections,Zpět na části zkoušky,Back to odjeljci,Target intentionally blank for reviewer translation.,needs_review
report.title,Consulting report draft,Návrh Consulting reportu,Consulting izvjestaj nacrt,Protected term(s): Consulting. Do not translate unless explicitly approved during review.,needs_review
report.helper,"Prepare field notes and final text for the Consulting report. Photo entries are pilot/archive placeholders, not real uploads.","Připravte terénní poznámky a finální text pro Consulting report. Foto položky jsou pilot/archive placeholders, nikoli skutečný upload.","Prepare field notes and final text for the Consulting izvjestaj. Photo entries are pilot/archive placeholders, not real uploads.","Protected term(s): Consulting, pilot/archive placeholder. Do not translate unless explicitly approved during review.",needs_review
report.tree,Tree,Strom,Tree,Target intentionally blank for reviewer translation.,needs_review
report.fieldNotes,Field notes,Terénní poznámky,Field notes,Target intentionally blank for reviewer translation.,needs_review
report.finalText,Final text,Finální text,Final text,Target intentionally blank for reviewer translation.,needs_review
report.photoPlaceholder,Photo placeholder / archive note,Foto placeholder / archivní poznámka,Photo placeholder / archive note,Target intentionally blank for reviewer translation.,needs_review
report.addPhoto,Add photo placeholder,Přidat foto placeholder,dodaj photo placeholder,Target intentionally blank for reviewer translation.,needs_review
report.submit,Submit and close report,Odeslat a uzavřít report,posalji and zatvori izvjestaj,Target intentionally blank for reviewer translation.,needs_review
report.back,Back to sections,Zpět na části zkoušky,Back to odjeljci,Target intentionally blank for reviewer translation.,needs_review
common.back,Back,Zpět,Back,Target intentionally blank for reviewer translation.,needs_review
common.offlineRetry,"If offline, visible local work remains and sync will retry when session/backend is available.","Pokud je zařízení offline, viditelná lokální práce zůstane zachována a sync se zkusí zopakovat, až bude dostupná session/backend.","If offline, vidljivo lokalno work remains and sync will retry when session/backend is dostupno.",Target intentionally blank for reviewer translation.,needs_review
common.opened,Opened,Otevřeno,Opened,Target intentionally blank for reviewer translation.,needs_review
common.closed,Closed,Uzavřeno,Closed,Target intentionally blank for reviewer translation.,needs_review
common.points,point(s),bodů,point(s),Target intentionally blank for reviewer translation.,needs_review
candidate.identity.detailsTitle,Confirm personal details,Potvrzení osobních údajů,potvrdi personal details,Target intentionally blank for reviewer translation.,needs_review
candidate.identity.name,Candidate name,Jméno kandidáta,Candidate ime,Protected term(s): Candidate. Do not translate unless explicitly approved during review.,needs_review
candidate.identity.birthDate,Date of birth,Datum narození,datum of birth,Target intentionally blank for reviewer translation.,needs_review
candidate.identity.documentId,Document / registration ID,Doklad / registrační ID,dokument / registration ID,Target intentionally blank for reviewer translation.,needs_review
candidate.identity.examLevel,Exam level,Úroveň zkoušky,Exam razina,Target intentionally blank for reviewer translation.,needs_review
candidate.identity.warning,Confirm identity before opening exam sections.,Před otevřením částí zkoušky potvrďte identitu.,Potvrdi identitet before opening exam odjeljci.,Target intentionally blank for reviewer translation.,needs_review
candidate.identity.confirmed,Identity confirmed,Identita potvrzena,identitet potvrdjeno,Target intentionally blank for reviewer translation.,needs_review
candidate.landing.title,Candidate landing page,Úvodní stránka kandidáta,Candidate landing page,Protected term(s): Candidate. Do not translate unless explicitly approved during review.,needs_review
candidate.landing.helper,Review which sections are ready before opening work for this exam attempt.,"Zkontrolujte, které části jsou připravené, než otevřete práci pro tento pokus.",pregledaj which odjeljci are spremno before opening work for this exam attempt.,Target intentionally blank for reviewer translation.,needs_review
candidate.readiness.title,Candidate readiness,Připravenost kandidáta,Candidate readiness,Protected term(s): Candidate. Do not translate unless explicitly approved during review.,needs_review
candidate.readiness.identity,Identity confirmed,Identita potvrzena,identitet potvrdjeno,Target intentionally blank for reviewer translation.,needs_review
candidate.readiness.writtenTest,Written test available,Písemný test dostupný,Pismeni test dostupno,Target intentionally blank for reviewer translation.,needs_review
candidate.readiness.report,Report section available,Report dostupný,izvjestaj odjeljak dostupno,Target intentionally blank for reviewer translation.,needs_review
candidate.section.confirmFirst,Confirm identity first.,Nejprve potvrďte identitu.,Potvrdi identitet first.,Target intentionally blank for reviewer translation.,needs_review
candidate.section.closed,This section is closed.,Tato část je uzavřená.,This odjeljak is closed.,Target intentionally blank for reviewer translation.,needs_review
candidate.section.open,This section is open.,Tato část je otevřená.,This odjeljak is otvori.,Target intentionally blank for reviewer translation.,needs_review
candidate.section.locked,This section is locked.,Tato část je zamčená.,This odjeljak is locked.,Target intentionally blank for reviewer translation.,needs_review
candidate.section.requestReopen,Request reopen,Požádat o znovuotevření,Request reopen,Target intentionally blank for reviewer translation.,needs_review
test.variantAutosave,Variant: {variant}. Autosaved to the sync queue. Final submit closes this section.,Varianta: {variant}. Odpovědi se ukládají do sync queue. Finální odeslání tuto část uzavře.,varijanta: {variant}. Autosaved to the sync queue. Final posalji closes this odjeljak.,Preserve placeholder(s) exactly: {variant}. Protected term(s): sync queue. Do not translate unless explicitly approved during review.,needs_review
test.askCentre,Ask the Centre to import/select a test package and save Centre Setup.,Požádejte Centrum o import/výběr testového balíčku a uložení Centre Setup.,Ask the Centre to uvezi/select a test paket and spremi Centre Setup.,"Protected term(s): Centre, Centre Setup. Do not translate unless explicitly approved during review.",needs_review
test.question,Question,Otázka,Question,Target intentionally blank for reviewer translation.,needs_review
test.writeAnswer,Write your answer here,Sem napište odpověď,Write your odgovor here,Target intentionally blank for reviewer translation.,needs_review
report.titleFull,Consulting report - 2 trees,Consulting report - 2 stromy,Consulting izvjestaj - 2 trees,Protected term(s): Consulting. Do not translate unless explicitly approved during review.,needs_review
report.photos,Photos,Fotografie,fotografije,Target intentionally blank for reviewer translation.,needs_review
report.photoHelper,"Photo entries are pilot/archive placeholders, not real uploads yet.","Foto položky jsou pilot/archive placeholders, nejde zatím o skutečný upload.","Photo entries are pilot/archive placeholders, not real uploads yet.",Protected term(s): pilot/archive placeholder. Do not translate unless explicitly approved during review.,needs_review
report.addPhotoShort,Add photo,Přidat fotografii,dodaj photo,Target intentionally blank for reviewer translation.,needs_review
report.fieldPlaceholder,Field observations and rough notes...,Terénní pozorování a pracovní poznámky...,Field observations and rough notes...,Target intentionally blank for reviewer translation.,needs_review
examiner.identity.title,Confirm Examiner identity,Potvrzení identity zkoušejícího,potvrdi Examiner identitet,Protected term(s): Examiner. Do not translate unless explicitly approved during review.,needs_review
examiner.identity.name,Examiner name,Jméno zkoušejícího,Examiner ime,Protected term(s): Examiner. Do not translate unless explicitly approved during review.,needs_review
examiner.identity.registrationId,Registration ID,Registrační ID,Registration ID,Target intentionally blank for reviewer translation.,needs_review
examiner.identity.confirmed,Identity confirmed,Identita potvrzena,identitet potvrdjeno,Target intentionally blank for reviewer translation.,needs_review
examiner.identity.confirm,Confirm identity,Potvrdit identitu,Potvrdi identitet,Target intentionally blank for reviewer translation.,needs_review
examiner.readiness.title,Examiner readiness,Připravenost zkoušejícího,Examiner readiness,Protected term(s): Examiner. Do not translate unless explicitly approved during review.,needs_review
examiner.readiness.identity,Identity confirmed,Identita potvrzena,identitet potvrdjeno,Target intentionally blank for reviewer translation.,needs_review
examiner.readiness.assignments,Assignments available,Přiřazení dostupná,Assignments dostupno,Target intentionally blank for reviewer translation.,needs_review
examiner.worklist.title,Assigned Candidate worklist,Seznam přiřazených kandidátů,dodijeljeno Candidate worklist,Protected term(s): Candidate. Do not translate unless explicitly approved during review.,needs_review
examiner.worklist.helper,Primary Examiner must complete the full outdoor form. Secondary Examiner input is optional/supporting.,Primary Examiner musí vyplnit celý outdoor formulář. Secondary Examiner input je volitelný/podpůrný.,Primary Examiner must complete the full outdoor form. Secondary Examiner input is opcionalno/pomocno.,Protected term(s): Examiner. Do not translate unless explicitly approved during review.,needs_review
examiner.worklist.emptyTitle,No assigned Candidates are available for this Examiner.,Pro tohoto zkoušejícího nejsou dostupní žádní přiřazení kandidáti.,ne dodijeljeno Candidates are dostupno for this Examiner.,"Protected term(s): Candidate, Examiner. Do not translate unless explicitly approved during review.",needs_review
examiner.worklist.emptyHelper,"Ask the Centre to assign this Examiner as primary or secondary, save Centre Setup, then reopen the Examiner QR session.","Požádejte Centrum, aby zkoušejícího přiřadilo jako primary nebo secondary, uložilo Centre Setup a znovu otevřelo Examiner QR session.","Ask the Centre to assign this Examiner as primary or secondary, spremi Centre Setup, then reopen the Examiner QR session.","Protected term(s): Examiner, Centre, primary, secondary, Centre Setup, Examiner QR. Do not translate unless explicitly approved during review.",needs_review
examiner.worklist.primaryCheckbox,I am the primary examiner for this candidate,Jsem primary examiner pro tohoto kandidáta,I am the primary ispitivac for this kandidat,Protected term(s): primary. Do not translate unless explicitly approved during review.,needs_review
examiner.worklist.openOutdoor,Open outdoor form,Otevřít outdoor formulář,otvori outdoor form,Target intentionally blank for reviewer translation.,needs_review
examiner.role.primary,primary,primary,primary,Protected term(s): primary. Do not translate unless explicitly approved during review.,needs_review
examiner.role.secondary,secondary,secondary,secondary,Protected term(s): secondary. Do not translate unless explicitly approved during review.,needs_review
outdoor.backToLanding,Back to landing,Zpět na úvodní stránku,Back to landing,Target intentionally blank for reviewer translation.,needs_review
outdoor.candidateBinding,Candidate binding,Vazba na kandidáta,Candidate binding,Protected term(s): Candidate. Do not translate unless explicitly approved during review.,needs_review
outdoor.activeRecord,Active record,Aktivní záznam,Active record,Target intentionally blank for reviewer translation.,needs_review
outdoor.level,Level,Úroveň,razina,Target intentionally blank for reviewer translation.,needs_review
outdoor.total,Outdoor total,Outdoor celkem,outdoor ukupno,Target intentionally blank for reviewer translation.,needs_review
outdoor.paperArchive.title,Paper management plan archive,Archiv papírového management plánu,Paper management plan archive,Target intentionally blank for reviewer translation.,needs_review
outdoor.paperArchive.helper,Candidate prepares this on paper. Examiner photographs it as a pilot/archive placeholder.,Kandidát připravuje tuto část na papíře. Zkoušející ji vyfotí jako pilot/archive placeholder.,Candidate prepares this on paper. Examiner photographs it as a pilot/archive placeholder.,"Protected term(s): Candidate, Examiner, pilot/archive placeholder. Do not translate unless explicitly approved during review.",needs_review
outdoor.paperArchive.button,Photograph paper plan,Vyfotit papírový plán,Photograph paper plan,Target intentionally blank for reviewer translation.,needs_review
outdoor.paperArchive.photos,Archived photos,Archivované fotografie,Archived fotografije,Target intentionally blank for reviewer translation.,needs_review
outdoor.points,points,bodů,bodovi,Target intentionally blank for reviewer translation.,needs_review
outdoor.detail.title,Outdoor form detail,Detail outdoor formuláře,outdoor form detalj,Target intentionally blank for reviewer translation.,needs_review
outdoor.detail.helper,Jump between sections freely. Each question includes Notes / marking guidance.,Mezi sekcemi lze volně přepínat. Každá otázka obsahuje poznámky / hodnoticí vodítko.,Jump between odjeljci freely. Each question includes Notes / marking guidance.,Target intentionally blank for reviewer translation.,needs_review
outdoor.notesGuidance,Notes / marking guidance,Poznámky / hodnoticí vodítko,Notes / marking guidance,Target intentionally blank for reviewer translation.,needs_review
outdoor.pointsLabel,Points,Body,bodovi,Target intentionally blank for reviewer translation.,needs_review
outdoor.examinerNotes,Examiner notes / justification,Poznámky zkoušejícího / zdůvodnění,Examiner notes / justification,Protected term(s): Examiner. Do not translate unless explicitly approved during review.,needs_review
outdoor.submit,Submit and close outdoor form,Odeslat a uzavřít outdoor formulář,posalji and zatvori outdoor form,Target intentionally blank for reviewer translation.,needs_review
outdoor.mode.primary,primary - full form required,primary - vyžaduje celý formulář,primary - full form potrebno,Protected term(s): primary. Do not translate unless explicitly approved during review.,needs_review
outdoor.mode.secondary,secondary - optional input,secondary - volitelný vstup,secondary - opcionalno input,Protected term(s): secondary. Do not translate unless explicitly approved during review.,needs_review
outdoor.mode.unassigned,unassigned,nepřiřazeno,nedodijeljeno,Target intentionally blank for reviewer translation.,needs_review
outdoor.autosave,autosave to sync queue,automatické ukládání do sync queue,autosave to sync queue,Protected term(s): sync queue. Do not translate unless explicitly approved during review.,needs_review
scoring.title,Examiner / Candidate scoring and evaluation,Zkoušející / skórování a vyhodnocení kandidáta,Examiner / Candidate scoring and evaluation,"Protected term(s): Candidate, Examiner. Do not translate unless explicitly approved during review.",needs_review
scoring.subtitle,Scoring engine uses the candidate level.,Skórovací engine používá úroveň kandidáta.,Scoring engine uses the kandidat razina.,Target intentionally blank for reviewer translation.,needs_review
scoring.status,Status,Stav,status,Target intentionally blank for reviewer translation.,needs_review
scoring.written,Written,Písemný test,pismeno,Target intentionally blank for reviewer translation.,needs_review
scoring.outdoor,Outdoor,Outdoor,outdoor,Target intentionally blank for reviewer translation.,needs_review
scoring.report,Report,Report,izvjestaj,Target intentionally blank for reviewer translation.,needs_review
scoring.total,Total,Celkem,ukupno,Target intentionally blank for reviewer translation.,needs_review
scoring.percentage,Percentage,Procenta,postotak,Target intentionally blank for reviewer translation.,needs_review
scoring.result,Result,Výsledek,rezultat,Target intentionally blank for reviewer translation.,needs_review
scoring.pass,PASS,PASS,PASS,Protected term(s): PASS. Do not translate unless explicitly approved during review.,needs_review
scoring.notPassed,NOT PASSED,NOT PASSED,NOT PASSED,"Protected term(s): PASS, NOT PASSED. Do not translate unless explicitly approved during review.",needs_review
scoring.generate,Generate Evaluation,Vygenerovat vyhodnocení,Generate Evaluation,Target intentionally blank for reviewer translation.,needs_review
scoring.loadPreview,Load Evaluation Preview,Načíst náhled vyhodnocení,ucitaj Pretpregled evaluacije,Target intentionally blank for reviewer translation.,needs_review
scoring.loading,Loading...,Načítám...,Loading...,Target intentionally blank for reviewer translation.,needs_review
scoring.downloadDraftExport,Download Draft Export (.xls),Stáhnout pracovní export (.xls),preuzmi Draft Export (.xls),Protected term(s): Draft Export. Do not translate unless explicitly approved during review.,needs_review
scoring.exporting,Exporting...,Exportuji...,Exporting...,Target intentionally blank for reviewer translation.,needs_review
scoring.draftOnly,Draft Export only — not the official VETcert evaluation template.,Pouze pracovní export — nejde o oficiální šablonu vyhodnocení VETcert.,Draft Export only — not the official VETcert evaluation template.,Protected term(s): Draft Export. Do not translate unless explicitly approved during review.,needs_review
scoring.lastGenerated,Last generated evaluation,Poslední vygenerované vyhodnocení,Last generated evaluation,Target intentionally blank for reviewer translation.,needs_review
evaluation.preview.title,Evaluation preview,Náhled vyhodnocení,Pretpregled evaluacije,Target intentionally blank for reviewer translation.,needs_review
evaluation.preview.helper,Backend-loaded preview of the current Candidate evaluation data.,Backendový náhled aktuálních dat vyhodnocení kandidáta.,backend-ucitano pretpregled of the current Candidate evaluation data.,Protected term(s): Candidate. Do not translate unless explicitly approved during review.,needs_review
evaluation.preview.summary,Summary,Souhrn,sazetak,Target intentionally blank for reviewer translation.,needs_review
evaluation.preview.written,Written,Písemný test,pismeno,Target intentionally blank for reviewer translation.,needs_review
evaluation.preview.outdoor,Outdoor,Outdoor,outdoor,Target intentionally blank for reviewer translation.,needs_review
evaluation.preview.report,Report,Report,izvjestaj,Target intentionally blank for reviewer translation.,needs_review
evaluation.preview.total,Total,Celkem,ukupno,Target intentionally blank for reviewer translation.,needs_review
evaluation.preview.percentage,Percentage,Procenta,postotak,Target intentionally blank for reviewer translation.,needs_review
evaluation.preview.result,Result,Výsledek,rezultat,Target intentionally blank for reviewer translation.,needs_review
evaluation.preview.outdoorScores,Outdoor scores,Outdoor skóre,outdoor scores,Target intentionally blank for reviewer translation.,needs_review
evaluation.preview.reportSummary,Report summary,Souhrn reportu,izvjestaj sazetak,Target intentionally blank for reviewer translation.,needs_review
evaluation.preview.hasReportDraft,Report draft,Návrh reportu,izvjestaj nacrt,Target intentionally blank for reviewer translation.,needs_review
evaluation.preview.treesWithContent,Trees with content,Stromy s obsahem,Trees with content,Target intentionally blank for reviewer translation.,needs_review
evaluation.preview.fieldNotesFilled,Field notes filled,Vyplněné terénní poznámky,Field notes filled,Target intentionally blank for reviewer translation.,needs_review
evaluation.preview.finalSectionsFilled,Final sections filled,Vyplněné finální sekce,Final odjeljci filled,Target intentionally blank for reviewer translation.,needs_review
evaluation.preview.photoPlaceholders,Photo placeholders,Foto placeholders,Photo placeholders,Target intentionally blank for reviewer translation.,needs_review
evaluation.preview.submitted,Submitted,Odesláno,Submitted,Target intentionally blank for reviewer translation.,needs_review
evaluation.preview.primaryScores,Primary scores,Primary skóre,Primary scores,Target intentionally blank for reviewer translation.,needs_review
evaluation.preview.secondaryScores,Secondary scores,Secondary skóre,Secondary scores,Target intentionally blank for reviewer translation.,needs_review
evaluation.preview.yes,yes,ano,da,Target intentionally blank for reviewer translation.,needs_review
evaluation.preview.no,no,ne,ne,Target intentionally blank for reviewer translation.,needs_review
centre.access.title,Certification centre / Open delegated workspace,Certifikační centrum / otevření delegovaného pracovního prostoru,Certification centre / otvori delegated workspace,Target intentionally blank for reviewer translation.,needs_review
centre.access.subtitle,Open workspace using Centre QR received from Admin.,Otevřete pracovní prostor pomocí Centre QR získaného od Admina.,otvori workspace using Centre QR received from Admin.,"Protected term(s): Centre, Admin, Centre QR. Do not translate unless explicitly approved during review.",needs_review
centre.access.placeholder,Paste centre token,Vložte token centra,Paste centre token,Target intentionally blank for reviewer translation.,needs_review
centre.access.open,Open centre workspace,Otevřít pracovní prostor centra,otvori centre workspace,Target intentionally blank for reviewer translation.,needs_review
centre.access.prototypeToken,Prototype token,Prototypový token,Prototype token,Target intentionally blank for reviewer translation.,needs_review
centre.config.title,"Centre / Configure levels, variants, candidates and examiners","Centrum / nastavení úrovní, variant, kandidátů a zkoušejících","Centre / Configure razine, varijante, kandidati and ispitivaci",Protected term(s): Centre. Do not translate unless explicitly approved during review.,needs_review
centre.config.subtitle,"One exam can contain Practicing, Consulting or both. Each candidate has primary and secondary examiner.","Jedna zkouška může obsahovat úroveň Practicing, Consulting nebo obě. Každý kandidát má primary a secondary examiner.","One exam can contain Practicing, Consulting or both. Each kandidat has primary and secondary ispitivac.","Protected term(s): Practicing, Consulting, primary, secondary. Do not translate unless explicitly approved during review.",needs_review
centre.setupPersistence.title,Centre Setup persistence,Ukládání Centre Setup,Centre Setup persistence,"Protected term(s): Centre, Centre Setup. Do not translate unless explicitly approved during review.",needs_review
centre.setupPersistence.helper,Load or save the current Centre Setup through the backend. Returned Candidate QR and Examiner QR links are shown in the QR access pack below.,Načtěte nebo uložte aktuální Centre Setup přes backend. Vrácené Candidate QR a Examiner QR odkazy se zobrazí níže v QR access packu.,ucitaj or spremi the current Centre Setup through the backend. Returned Candidate QR and Examiner QR links are prikazano in the QR access pack below.,"Protected term(s): Candidate, Examiner, Centre, Centre Setup, Candidate QR, Examiner QR. Do not translate unless explicitly approved during review.",needs_review
centre.setupPersistence.load,Load Centre Setup,Načíst Centre Setup,ucitaj Centre Setup,"Protected term(s): Centre, Centre Setup. Do not translate unless explicitly approved during review.",needs_review
centre.setupPersistence.loading,Loading...,Načítám...,Loading...,Target intentionally blank for reviewer translation.,needs_review
centre.setupPersistence.save,Save Centre Setup,Uložit Centre Setup,spremi Centre Setup,"Protected term(s): Centre, Centre Setup. Do not translate unless explicitly approved during review.",needs_review
centre.setupPersistence.saving,Saving...,Ukládám...,Saving...,Target intentionally blank for reviewer translation.,needs_review
centre.setupPersistence.auditExport,Download Centre Audit Package (.xls),Stáhnout Centre Audit Package (.xls),preuzmi Centre Audit Package (.xls),"Protected term(s): Centre, Centre Audit Package. Do not translate unless explicitly approved during review.",needs_review
centre.setupPersistence.exporting,Exporting...,Exportuji...,Exporting...,Target intentionally blank for reviewer translation.,needs_review
centre.setupPersistence.unsaved,Unsaved local changes,Neuložené lokální změny,Unsaved lokalno changes,Target intentionally blank for reviewer translation.,needs_review
centre.setupPersistence.saved,Saved / no local changes,Uloženo / žádné lokální změny,spremljeno / ne lokalno changes,Target intentionally blank for reviewer translation.,needs_review
centre.setupPersistence.saveHelper,"Click Save Centre Setup to persist roster, examiners, assignments, variants, and imported tests.","Kliknutím na Save Centre Setup uložíte roster, zkoušející, přiřazení, varianty a importované testy.","Click spremi Centre Setup to persist roster, ispitivaci, assignments, varijante, and uvezeno tests.","Protected term(s): Centre, Centre Setup. Do not translate unless explicitly approved during review.",needs_review
centre.dataMode.title,Centre data mode,Datový režim centra,Centre data mode,Protected term(s): Centre. Do not translate unless explicitly approved during review.,needs_review
centre.dataMode.backendHelper,This session uses backend-loaded pilot data.,Tato session používá backend-loaded pilot data.,This session uses backend-loaded pilot data.,Protected term(s): backend-loaded pilot data. Do not translate unless explicitly approved during review.,needs_review
centre.dataMode.demoHelper,This session uses demo fallback data for testing only. Load Centre Setup to use backend-loaded pilot data.,Tato session používá demo fallback data pouze pro testování. Načtením Centre Setup použijete backend-loaded pilot data.,This session uses demo fallback data for testing only. ucitaj Centre Setup to use backend-loaded pilot data.,"Protected term(s): Centre, backend-loaded pilot data, demo fallback data, Centre Setup. Do not translate unless explicitly approved during review.",needs_review
centre.dataMode.saveAfterChanges,"Save Centre Setup after changing roster, examiners, assignments, or imported tests.","Po změně rosteru, zkoušejících, přiřazení nebo importovaných testů uložte Centre Setup.","spremi Centre Setup after changing roster, ispitivaci, assignments, or uvezeno tests.","Protected term(s): Centre, Centre Setup. Do not translate unless explicitly approved during review.",needs_review
centre.dataMode.backend,backend-loaded pilot data,backend-loaded pilot data,backend-loaded pilot data,Protected term(s): backend-loaded pilot data. Do not translate unless explicitly approved during review.,needs_review
centre.dataMode.demo,demo fallback data,demo fallback data,demo fallback data,Protected term(s): demo fallback data. Do not translate unless explicitly approved during review.,needs_review
centre.copy.copied,Copied {label} QR link,Zkopírován QR odkaz: {label},kopirano {label} QR poveznica,Preserve placeholder(s) exactly: {label}.,needs_review
centre.copy.unavailable,Copy unavailable. Select and copy {label} QR link manually.,Kopírování není dostupné. Označte a ručně zkopírujte QR odkaz: {label}.,Copy nedostupno. Select and copy {label} QR poveznica manually.,Preserve placeholder(s) exactly: {label}.,needs_review
centre.levels.title,Levels,Úrovně,razine,Target intentionally blank for reviewer translation.,needs_review
centre.variants.title,Approved test variants,Schválené testové varianty,Approved test varijante,Target intentionally blank for reviewer translation.,needs_review
centre.variants.helper,Import CSV or JSON package with real tests. The selected variant is then shown to candidates.,Importujte CSV nebo JSON balíček se skutečnými testy. Vybraná varianta se poté zobrazí kandidátům.,uvezi CSV or JSON paket with real tests. The odabrano varijanta is then prikazano to kandidati.,Target intentionally blank for reviewer translation.,needs_review
centre.variants.import,Import tests,Importovat testy,uvezi tests,Target intentionally blank for reviewer translation.,needs_review
centre.variants.noImported,No imported variant,Žádná importovaná varianta,ne uvezeno varijanta,Target intentionally blank for reviewer translation.,needs_review
centre.variants.csvHelper,"CSV columns: variantCode, level, language, questionId, type, points, text, optionA, optionB, optionC, optionD, correctAnswer. JSON format: { ""variants"": [...], ""questions"": { ""VARIANT_CODE"": [...] } }.","CSV sloupce: variantCode, level, language, questionId, type, points, text, optionA, optionB, optionC, optionD, correctAnswer. JSON formát: { ""variants"": [...], ""questions"": { ""VARIANT_CODE"": [...] } }.","CSV columns: variantCode, level, language, questionId, type, points, text, optionA, optionB, optionC, optionD, correctAnswer. JSON format: { ""variants"": [...], ""questions"": { ""VARIANT_CODE"": [...] } }.","Protected term(s): correctAnswer, variantCode, questionId, optionA, optionB, optionC, optionD, VARIANT_CODE. Do not translate unless explicitly approved during review. Import/export helper context only; preserve CSV/JSON field names exactly and do not expose correctAnswer outside this context.",needs_review
centre.variants.importedSummary,"Imported summary: {variants} variant(s), {questions} question(s).","Souhrn importu: {variants} variant(y), {questions} otázka/otázek.","uvezeno sazetak: {variants} varijanta(s), {questions} question(s).","Preserve placeholder(s) exactly: {variants}, {questions}.",needs_review
centre.candidates.title,Candidate list,Seznam kandidátů,Candidate list,Protected term(s): Candidate. Do not translate unless explicitly approved during review.,needs_review
centre.candidates.add,Add candidate,Přidat kandidáta,dodaj kandidat,Target intentionally blank for reviewer translation.,needs_review
centre.candidateDetails.title,Candidate details,Detail kandidáta,Candidate details,Protected term(s): Candidate. Do not translate unless explicitly approved during review.,needs_review
centre.candidateDetails.id,Candidate ID,ID kandidáta,Candidate ID,Protected term(s): Candidate. Do not translate unless explicitly approved during review.,needs_review
centre.candidateDetails.name,Name,Jméno,ime,Target intentionally blank for reviewer translation.,needs_review
centre.candidateDetails.level,Level,Úroveň,razina,Target intentionally blank for reviewer translation.,needs_review
centre.candidateDetails.birthDate,Birth date,Datum narození,datum rodjenja,Target intentionally blank for reviewer translation.,needs_review
centre.candidateDetails.documentId,Document ID,ID dokladu,dokument ID,Target intentionally blank for reviewer translation.,needs_review
centre.candidateDetails.email,Email,E-mail,e-posta,Target intentionally blank for reviewer translation.,needs_review
centre.examiners.title,Examiner list,Seznam zkoušejících,Examiner list,Protected term(s): Examiner. Do not translate unless explicitly approved during review.,needs_review
centre.examiners.add,Add examiner,Přidat zkoušejícího,dodaj ispitivac,Target intentionally blank for reviewer translation.,needs_review
centre.examinerDetails.id,ID,ID,ID,Target intentionally blank for reviewer translation.,needs_review
centre.examinerDetails.name,Name,Jméno,ime,Target intentionally blank for reviewer translation.,needs_review
centre.examinerDetails.registrationId,Registration ID,Registrační ID,Registration ID,Target intentionally blank for reviewer translation.,needs_review
centre.examinerDetails.email,Email,E-mail,e-posta,Target intentionally blank for reviewer translation.,needs_review
centre.assignments.title,Examiner assignments,Přiřazení zkoušejících,Examiner assignments,Protected term(s): Examiner. Do not translate unless explicitly approved during review.,needs_review
centre.assignments.candidate,Candidate,Kandidát,Candidate,Protected term(s): Candidate. Do not translate unless explicitly approved during review.,needs_review
centre.assignments.level,Level,Úroveň,razina,Target intentionally blank for reviewer translation.,needs_review
centre.assignments.primary,Primary Examiner,Primary Examiner,Primary Examiner,Protected term(s): Examiner. Do not translate unless explicitly approved during review.,needs_review
centre.assignments.secondary,Secondary Examiner,Secondary Examiner,Secondary Examiner,Protected term(s): Examiner. Do not translate unless explicitly approved during review.,needs_review
centre.workflow.title,Pilot workflow status,Stav pilotního workflow,Pilot tijek rada status,Target intentionally blank for reviewer translation.,needs_review
centre.workflow.helper,"Pilot workflow status across setup, assignments, candidate sections, responses, report drafts and outdoor scoring.","Stav pilotního workflow napříč setupem, přiřazeními, částmi kandidáta, odpověďmi, návrhy reportů a outdoor skórováním.","Pilot tijek rada status across setup, assignments, kandidat odjeljci, odgovori, izvjestaj drafts and outdoor scoring.",Target intentionally blank for reviewer translation.,needs_review
centre.workflow.syncHelper,Use the sync queue panel to review sync status after smoke test.,Po smoke testu použijte sync queue panel pro kontrolu stavu synchronizace.,Use the sync queue panel to pregledaj sync status after smoke test.,Protected term(s): sync queue. Do not translate unless explicitly approved during review.,needs_review
centre.workflow.setupIssues,Centre Setup issue(s),problém(ů) v Centre Setup,Centre Setup issue(s),"Protected term(s): Centre, Centre Setup. Do not translate unless explicitly approved during review.",needs_review
centre.workflow.candidates,candidates,kandidátů,kandidati,Target intentionally blank for reviewer translation.,needs_review
centre.workflow.examiners,examiners,zkoušejících,ispitivaci,Target intentionally blank for reviewer translation.,needs_review
centre.workflow.assignments,assignments,přiřazení,assignments,Target intentionally blank for reviewer translation.,needs_review
centre.workflow.testPackageImported,test package imported,testový balíček importován,test paket uvezeno,Target intentionally blank for reviewer translation.,needs_review
centre.workflow.noTestPackage,no test package,žádný testový balíček,ne test paket,Target intentionally blank for reviewer translation.,needs_review
centre.workflow.demoWarning,This session uses demo fallback data for testing only. Load Centre Setup to use backend-loaded pilot data; counts may reflect demo fallback state until then.,Tato session používá demo fallback data pouze pro testování. Načtěte Centre Setup pro použití backend-loaded pilot data; počty mohou do té doby odpovídat demo fallback stavu.,This session uses demo fallback data for testing only. ucitaj Centre Setup to use backend-loaded pilot data; counts may reflect demo fallback state until then.,"Protected term(s): Centre, backend-loaded pilot data, demo fallback data, Centre Setup. Do not translate unless explicitly approved during review.",needs_review
centre.workflow.candidate,Candidate,Kandidát,Candidate,Protected term(s): Candidate. Do not translate unless explicitly approved during review.,needs_review
centre.workflow.level,Level,Úroveň,razina,Target intentionally blank for reviewer translation.,needs_review
centre.workflow.primaryExaminer,Primary Examiner,Primary Examiner,Primary Examiner,Protected term(s): Examiner. Do not translate unless explicitly approved during review.,needs_review
centre.workflow.secondaryExaminer,Secondary Examiner,Secondary Examiner,Secondary Examiner,Protected term(s): Examiner. Do not translate unless explicitly approved during review.,needs_review
centre.workflow.identity,Identity,Identita,identitet,Target intentionally blank for reviewer translation.,needs_review
centre.workflow.writtenTest,Written test,Písemný test,Pismeni test,Target intentionally blank for reviewer translation.,needs_review
centre.workflow.report,Report,Report,izvjestaj,Target intentionally blank for reviewer translation.,needs_review
centre.workflow.responses,Responses,Odpovědi,odgovori,Target intentionally blank for reviewer translation.,needs_review
centre.workflow.outdoorScores,Outdoor scores,Outdoor skóre,outdoor scores,Target intentionally blank for reviewer translation.,needs_review
centre.workflow.confirmed,confirmed,potvrzeno,potvrdjeno,Target intentionally blank for reviewer translation.,needs_review
centre.workflow.notConfirmed,not confirmed,nepotvrzeno,not potvrdjeno,Target intentionally blank for reviewer translation.,needs_review
centre.workflow.closedAt,Closed,Uzavřeno,Closed,Target intentionally blank for reviewer translation.,needs_review
centre.workflow.sections,sections,sekcí,odjeljci,Target intentionally blank for reviewer translation.,needs_review
centre.workflow.photos,photos,fotografií,fotografije,Target intentionally blank for reviewer translation.,needs_review
status.centreQrRequired,"Open the Centre portal with a valid Centre QR session, then try again.",Otevřete portál Centra pomocí platné Centre QR session a zkuste to znovu.,"otvori the Centre portal with a valid Centre QR session, then try again.","Protected term(s): Centre, Centre QR. Do not translate unless explicitly approved during review.",needs_review
status.centreSetup.loadedEvent,Loaded Centre Setup for exam event {event}.,Centre Setup načten pro zkušební událost {event}.,ucitano Centre Setup for exam event {event}.,"Preserve placeholder(s) exactly: {event}. Protected term(s): Centre, Centre Setup. Do not translate unless explicitly approved during review.",needs_review
status.centreSetup.savedEvent,Saved Centre Setup for exam event {event}.,Centre Setup uložen pro zkušební událost {event}.,spremljeno Centre Setup for exam event {event}.,"Preserve placeholder(s) exactly: {event}. Protected term(s): Centre, Centre Setup. Do not translate unless explicitly approved during review.",needs_review
status.centreSetup.loadFailed,Centre Setup could not be loaded. Check the session and try again.,Centre Setup se nepodařilo načíst. Zkontrolujte session a zkuste to znovu.,Centre Setup could not be ucitano. Check the session and try again.,"Protected term(s): Centre, Centre Setup. Do not translate unless explicitly approved during review.",needs_review
status.centreSetup.saveFailed,Centre Setup could not be saved. Check the Centre session and try again.,Centre Setup se nepodařilo uložit. Zkontrolujte Centre session a zkuste to znovu.,Centre Setup could not be spremljeno. Check the Centre session and try again.,"Protected term(s): Centre, Centre Setup. Do not translate unless explicitly approved during review.",needs_review
status.centreAuditExport.sessionRequired,Open the Centre portal with a valid Centre QR session before downloading the Audit Package.,Před stažením Audit Package otevřete portál Centra pomocí platné Centre QR session.,otvori the Centre portal with a valid Centre QR session before downloading the Audit paket.,"Protected term(s): Centre, Centre QR. Do not translate unless explicitly approved during review.",needs_review
status.testImport.importedFull,Imported {variants} variants and {questions} questions.,Importováno: {variants} variant(y) a {questions} otázka/otázek.,uvezeno {variants} varijante and {questions} pitanja.,"Preserve placeholder(s) exactly: {variants}, {questions}.",needs_review
status.testImport.failedWithMessage,Test import failed: {message},Import testu selhal: {message},Test uvezi neuspjelo: {message},Preserve placeholder(s) exactly: {message}.,needs_review
status.testImport.fileReadFailed,Test import failed: the file could not be read.,Import testu selhal: soubor se nepodařilo přečíst.,Test uvezi neuspjelo: the datoteka could not be read.,Target intentionally blank for reviewer translation.,needs_review
status.testImport.summary,"Imported {variants} variant(s), {questions} question(s).","Importováno: {variants} variant(y), {questions} otázka/otázek.","uvezeno {variants} varijanta(s), {questions} question(s).","Preserve placeholder(s) exactly: {variants}, {questions}.",needs_review
status.evaluation.previewSessionRequired,Open this portal with a valid QR session before loading the evaluation preview.,Před načtením náhledu vyhodnocení otevřete tento portál pomocí platné QR session.,otvori this portal with a valid QR session before loading the Pretpregled evaluacije.,Target intentionally blank for reviewer translation.,needs_review
status.evaluation.previewUnavailable,Evaluation preview is unavailable. Reopen the Examiner QR session and try again.,Náhled vyhodnocení není dostupný. Znovu otevřete Examiner QR session a zkuste to znovu.,Pretpregled evaluacije is nedostupno. Reopen the Examiner QR session and try again.,"Protected term(s): Examiner, Examiner QR. Do not translate unless explicitly approved during review.",needs_review
status.export.sessionRequired,Open this portal with a valid QR session before downloading the Draft Export.,Před stažením pracovního exportu otevřete tento portál pomocí platné QR session.,otvori this portal with a valid QR session before downloading the Draft Export.,Protected term(s): Draft Export. Do not translate unless explicitly approved during review.,needs_review
status.export.unavailable,Draft Export is unavailable. Reopen the Examiner QR session and try again.,Pracovní export není dostupný. Znovu otevřete Examiner QR session a zkuste to znovu.,Draft Export is nedostupno. Reopen the Examiner QR session and try again.,"Protected term(s): Examiner, Examiner QR, Draft Export. Do not translate unless explicitly approved during review.",needs_review
auditSync.title,Sync queue / audit trail,Sync queue / auditní stopa,Sync queue / audit trail,Target intentionally blank for reviewer translation.,needs_review
auditSync.subtitle,Sync queue shows local actions waiting for backend confirmation or already recorded during this session.,Sync queue zobrazuje lokální akce čekající na potvrzení backendem nebo už zaznamenané v této session.,Sync queue shows lokalno actions waiting for backend confirmation or already recorded during this session.,Target intentionally blank for reviewer translation.,needs_review
auditSync.markAllSynced,Mark all synced,Označit vše jako synchronizované,Mark all synced,Target intentionally blank for reviewer translation.,needs_review
auditSync.queue,Sync queue,Sync queue,Sync queue,Target intentionally blank for reviewer translation.,needs_review
auditSync.audit,Audit trail,Auditní stopa,Audit trail,Target intentionally blank for reviewer translation.,needs_review
auditSync.emptyQueue,No sync queue items.,Sync queue neobsahuje žádné položky.,ne sync queue items.,Protected term(s): sync queue. Do not translate unless explicitly approved during review.,needs_review
auditSync.emptyAudit,No audit entries yet.,Zatím nejsou žádné auditní záznamy.,ne audit entries yet.,Target intentionally blank for reviewer translation.,needs_review
auditSync.status,Status,Stav,status,Target intentionally blank for reviewer translation.,needs_review
auditSync.time,Time,Čas,vrijeme,Target intentionally blank for reviewer translation.,needs_review
auditSync.type,Type,Typ,vrsta,Target intentionally blank for reviewer translation.,needs_review
auditSync.detail,Detail,Detail,detalj,Target intentionally blank for reviewer translation.,needs_review
common.open,Open,Otevřít,otvori,Target intentionally blank for reviewer translation.,needs_review
common.close,Close,Zavřít,zatvori,Target intentionally blank for reviewer translation.,needs_review
common.save,Save,Uložit,spremi,Target intentionally blank for reviewer translation.,needs_review
common.load,Load,Načíst,ucitaj,Target intentionally blank for reviewer translation.,needs_review
common.download,Download,Stáhnout,preuzmi,Target intentionally blank for reviewer translation.,needs_review
common.import,Import,Importovat,uvezi,Target intentionally blank for reviewer translation.,needs_review
common.export,Export,Exportovat,izvezi,Target intentionally blank for reviewer translation.,needs_review
common.submit,Submit,Odeslat,posalji,Target intentionally blank for reviewer translation.,needs_review
common.confirm,Confirm,Potvrdit,potvrdi,Target intentionally blank for reviewer translation.,needs_review
common.add,Add,Přidat,dodaj,Target intentionally blank for reviewer translation.,needs_review
common.cancel,Cancel,Zrušit,odustani,Target intentionally blank for reviewer translation.,needs_review
common.review,Review,Zkontrolovat,pregledaj,Target intentionally blank for reviewer translation.,needs_review
common.ready,Ready,Připraveno,spremno,Target intentionally blank for reviewer translation.,needs_review
common.missing,Missing,Chybí,nedostaje,Target intentionally blank for reviewer translation.,needs_review
common.yes,yes,ano,da,Target intentionally blank for reviewer translation.,needs_review
common.no,no,ne,ne,Target intentionally blank for reviewer translation.,needs_review
app.heroTitle,Digital VETcert examination system,Digitální zkušební systém VETcert,Digital VETcert examination system,Target intentionally blank for reviewer translation.,needs_review
app.dedicatedPortal,Dedicated {role} portal,Vyhrazený portál: {role},Namjenski {role} portal,Preserve placeholder(s) exactly: {role}.,needs_review
workspace.current,Current workspace,Aktuální pracovní prostor,Current workspace,Target intentionally blank for reviewer translation.,needs_review
workspace.candidates,candidates,kandidátů,kandidati,Target intentionally blank for reviewer translation.,needs_review
qrScanner.helper,Allow camera access and point the tablet at a VetBara QR.,Povolte přístup ke kameře a namiřte tablet na VetBara QR.,Allow camera access and point the tablet at a VetBara QR.,Target intentionally blank for reviewer translation.,needs_review
qrScanner.scan,Scan {role} QR,Skenovat {role} QR,skeniraj {role} QR,Preserve placeholder(s) exactly: {role}.,needs_review
admin.openExam.title,Admin / Open exam event,Admin / otevření zkušební události,Admin / otvori exam event,Protected term(s): Admin. Do not translate unless explicitly approved during review.,needs_review
admin.openExam.subtitle,"Admin sets centre, date, place and exam language, then sends centre access QR.","Admin nastaví centrum, datum, místo a jazyk zkoušky a potom odešle Centre access QR.","Admin sets centre, datum, mjesto and exam jezik, then sends centre access QR.",Protected term(s): Admin. Do not translate unless explicitly approved during review.,needs_review
admin.centre,Certification centre,Certifikační centrum,Certification centre,Target intentionally blank for reviewer translation.,needs_review
admin.examLanguage,Exam language,Jazyk zkoušky,Exam jezik,Target intentionally blank for reviewer translation.,needs_review
admin.examDate,Exam date,Datum zkoušky,Exam datum,Target intentionally blank for reviewer translation.,needs_review
admin.place,Place,Místo,mjesto,Target intentionally blank for reviewer translation.,needs_review
admin.centreAccess.title,Centre access link / QR,Centre access link / QR,Centre access poveznica / QR,Protected term(s): Centre. Do not translate unless explicitly approved during review.,needs_review
admin.centreAccess.send,Send centre link / QR,Odeslat centre link / QR,Send centre poveznica / QR,Target intentionally blank for reviewer translation.,needs_review
admin.centreAccess.scan,Scan centre QR,Skenovat centre QR,skeniraj centre QR,Target intentionally blank for reviewer translation.,needs_review
admin.multilingual.title,Admin / Multilingual layer,Admin / vícejazyčná vrstva,Admin / Multilingual layer,Protected term(s): Admin. Do not translate unless explicitly approved during review.,needs_review
admin.multilingual.subtitle,UI translations are managed separately from exam content.,Překlady UI jsou spravované odděleně od obsahu zkoušky.,UI translations are managed separately from exam content.,Target intentionally blank for reviewer translation.,needs_review
admin.multilingual.sourceTerms,EN source + national terms,EN zdroj + národní termíny,EN source + national terms,Target intentionally blank for reviewer translation.,needs_review
admin.multilingual.needsReview,needs review,vyžaduje kontrolu,needs pregledaj,Target intentionally blank for reviewer translation.,needs_review
admin.multilingual.export,Export translation XLSX,Exportovat translation XLSX,izvezi translation XLSX,Target intentionally blank for reviewer translation.,needs_review
status.openedForCentre,Opened for Centre,Otevřeno pro Centrum,Opened for Centre,Protected term(s): Centre. Do not translate unless explicitly approved during review.,needs_review
audit.centreAccessSent,Centre access link sent,Centre access link odeslán,Centre access poveznica sent,Protected term(s): Centre. Do not translate unless explicitly approved during review.,needs_review
status.testImport.loadedStoredFull,Loaded stored test package with {variants} variant(s) and {questions} question(s).,"Načten uložený testový balíček: {variants} variant(y), {questions} otázka/otázek.",ucitano stored test paket with {variants} varijanta(s) and {questions} question(s).,"Preserve placeholder(s) exactly: {variants}, {questions}.",needs_review
status.testImport.loadedStored,Loaded stored test package.,Načten uložený testový balíček.,ucitano stored test paket.,Target intentionally blank for reviewer translation.,needs_review
status.centreAuditExport.unavailable,The Centre Audit Package requires a valid Centre session. Reopen the Centre QR and try again.,Centre Audit Package vyžaduje platnou Centre session. Znovu otevřete Centre QR a zkuste to znovu.,The Centre Audit Package requires a valid Centre session. Reopen the Centre QR and try again.,"Protected term(s): Centre, Centre QR, Centre Audit Package. Do not translate unless explicitly approved during review.",needs_review
app.mvpPrototype,MVP prototype,MVP prototyp,MVP prototype,Target intentionally blank for reviewer translation.,needs_review
app.offlineFirst,offline-first,offline-first,offline-first,Target intentionally blank for reviewer translation.,needs_review
sectionStatus.locked,locked,zamčeno,locked,Target intentionally blank for reviewer translation.,needs_review
sectionStatus.open,open,otevřeno,otvori,Target intentionally blank for reviewer translation.,needs_review
sectionStatus.closed,closed,uzavřeno,closed,Target intentionally blank for reviewer translation.,needs_review
